<?xml version="1.0" encoding="UTF-8" standalone="yes"?>
<addon id="plugin.video.beeg.com"
       name="beeg.com - Powered by XBMCHUB.COM"
       version="1.0"
       provider-name="MisterX">
  <requires>
    <import addon="xbmc.python" version="2.0"/>
  </requires>
  <extension point="xbmc.python.pluginsource"
            library="Default.py">
        <provides>video</provides>
  </extension>
  <extension point="xbmc.addon.metadata">
    <summary lang="en">beeg.com</summary>
    <description lang="en">beeg.com - Powered by XBMCHUB.COM</description>
    <platform>all</platform>
  </extension>
</addon>
