<?xml version="1.0" encoding="UTF-8" standalone="yes"?>
<addon id="repository.MisterX" name="MisterX Repository" version="1.0.1" provider-name="MisterX">
	<extension point="xbmc.addon.repository" name="XBMCHUB.com Addon Repository">
		<info compressed="false">http://github.com/MisterXx/MisterX/raw/master/addons.xml</info>
		<checksum>http://github.com/MisterXx/MisterX/raw/master/addons.xml.md5</checksum>
		<datadir zip="true">http://github.com/MisterXx/MisterX/raw/master/zips</datadir>
	</extension>
	<extension point="xbmc.addon.metadata">
		<summary>MisterX Addon Repository</summary>
		<description>Addons developed by MisterX . Visit XBMCHUB.COM for support.</description>
		<platform>all</platform>
	</extension>
</addon>